firstname,lastname,income,age,position,address,city,state,zip
Denise,Long,4329,41,"Radiographer, diagnostic",16791 Robert Course Apt. 169,Simsbury,AZ,54391
Brian,Fuentes,90860,53,"Therapist, music",3960 Micheal Branch Suite 564,East Angelashire,KY,13317
Rita,Moon,53797,63,Chartered public finance accountant,67759 Hawkins Springs,Port Tylerbury,IL,06908
Jay,Payne,38533,61,Music therapist,349 Jeremy Mission,Lake Erica,MA,58135
Tracey,Mitchell,17471,43,Cabin crew,831 Gross Rue Apt. 334,Lake Stephanie,MT,78643
Katherine,Garcia,2553,54,Estate agent,747 Guerrero Walks Suite 806,Tinaside,GA,89107
Eric,Figueroa,60155,57,"Surveyor, land/geomatics",676 Angela Park,Port Jonathanbury,CA,53638
Melvin,Fitzgerald,29939,44,"Doctor, general practice",499 Martinez Keys Apt. 948,Lake Jasonport,MD,16804
Colin,Lopez,4991,32,Financial planner,9234 Obrien Spurs,Port Audreyport,KY,18665
Gary,Brown,15088,68,Transport planner,4937 Nicholas Vista Apt. 035,Valerieshire,VT,60809
Jason,Rose,8927,37,Site engineer,085 Cook Mountain Suite 758,Bauershire,GU,03021
Kevin,Rodriguez,61341,36,Technical author,3093 Smith Forest Suite 626,East Bryan,CT,21347
Robert,Myers,55941,46,Special effects artist,9556 James Manors,Montoyaville,AZ,95264
Sarah,Campbell,45580,49,Financial controller,66010 Jeanette Wall Apt. 389,Greenborough,NE,39396
Susan,Watts,34012,68,Chemical engineer,88298 Dillon Oval Apt. 060,West Monicachester,KS,37610
Jeremy,Morgan,22073,23,Management consultant,6634 Mills Circle Apt. 197,South Robert,FM,85766
Nancy,Davis,26504,27,Hospital pharmacist,0832 Johnston Ridges,Kochside,MH,55022
Catherine,Ramirez,29503,27,"Lecturer, further education",43986 Fox Mission,Burtonport,SC,14434
Anita,Parks,42321,58,Charity officer,514 Jones Spur,West Christopher,CA,28158
Christopher,Marsh,40431,43,Fashion designer,4693 Rebecca Tunnel Apt. 323,Sullivanchester,KY,32012
Sandra,Rojas,61942,30,Chartered loss adjuster,8791 Nicole Bridge,Loganchester,TX,42085
Allison,Garcia,47611,23,Learning disability nurse,12120 Campbell Manors,Hughesmouth,ME,75524
Kathleen,Kelly,9513,48,Historic buildings inspector/conservation officer,1402 Harrison Trail,Leeburgh,MH,72867
Betty,French,68278,21,Chief Operating Officer,479 Claudia Viaduct Apt. 337,Hebertport,MI,31163
Shelly,Martin,96823,23,Logistics and distribution manager,726 Brown Bypass,Daltonshire,CT,57485
Lee,Rodriguez,86766,22,Music therapist,181 Parker Passage Suite 835,Lake Edwardhaven,OK,29711
Amy,Martinez,10548,58,Horticultural consultant,874 Charles Circles Apt. 575,Woodchester,NM,50452
David,Vincent,90034,28,"Secretary, company",1045 Ruth Corners Apt. 098,Hartburgh,AL,11820
Douglas,Willis,44832,62,Engineering geologist,994 Mark Mission,Lisaville,OH,13872
Danielle,Hooper,92455,54,Environmental consultant,14119 William Branch Apt. 513,Salinasport,CT,52512
